2022-01-13,2,Plume du Timansot,ressource
2022-01-14,2,Malléole de Yomi Givrefoux,ressource
2022-01-15,2,Bave de Ouassingue,ressource
2022-01-16,2,Relique Familiale,ressource
2022-01-17,7,Patte d'Arakne,ressource
2022-01-18,14,Bar Rikain,ressource
2022-01-19,3,Bracelet de Ino-Naru,ressource
2022-01-20,2,Short de Capoei Rat,ressource
2022-01-21,1,Bouteille de Gloutoburg,autre
2022-01-22,2,Bractée de Chiendent,ressource
2022-01-23,5,Viande Hachée,ressource
2022-01-24,2,Bourgeon d'Abraknyde Sombre Irascible,ressource
2022-01-25,2,Tibia de Koalak Fossoyeur,ressource
2022-01-26,3,Marteau de Boisaille,arme
2022-01-27,10,Frostiz,ressource
2022-01-28,2,Queue de Rat Pine,ressource
2022-01-29,11,Laine de Bouftou,ressource
2022-01-30,2,Sépale de Nerbe,ressource
2022-01-31,15,Menthe Sauvage,ressource
2022-02-01,4,Potion de Mini Soin Supérieure,consommable
2022-02-02,6,Roulade de Carne,consommable
2022-02-03,6,Goujon en Tranche,consommable
2022-02-04,2,Molaire de Blérice,ressource
2022-02-05,4,Concombre,ressource
2022-02-06,8,Anneau de Sagesse,equipement
2022-02-07,2,Croissant de Tsukinochi,ressource
2022-02-08,30,Bois de Frêne,ressource
2022-02-09,4,Ongle de Kanigrou,ressource
2022-02-10,5,Pic de Dragodinde Rousse Sauvage,ressource
2022-02-11,2,Duvet de Mamansot,ressource
2022-02-12,7,Canine de Mergranlou,ressource
2022-02-13,20,Cuivre,ressource
2022-02-14,5,Shigekax Passion,consommable
2022-02-15,2,Feuille de Branche Soignante,ressource
2022-02-16,3,Viande Hachée,ressource
2022-02-17,11,Champignon,ressource
2022-02-18,5,Bourgeon d'Abraknyde,ressource
2022-02-19,25,Poisson-Chaton,ressource
2022-02-20,2,Croupion du Bitouf aérien,ressource
2022-02-21,8,Bière de Bwork,consommable
2022-02-22,2,Peau de Dragueuse,ressource
2022-02-23,20,Avoine,ressource
2022-02-24,4,Bec du Tofu,ressource
2022-02-25,2,Œil de Madura,ressource
2022-02-26,3,Peau de Minoskito,ressource
2022-02-27,3,Viande Saignante,ressource
2022-02-28,2,Noix de Kokoko,ressource
2022-03-01,8,Beignet de Greuvette,consommable
2022-03-02,2,Crâne d'Aventurier,ressource
2022-03-03,3,Bois de Charme,ressource
2022-03-04,2,Volve de Fistulor,ressource
2022-03-05,2,Bandeau de Nakunbra,ressource
2022-03-06,2,Étoffe de Rat Bougri,ressource
2022-03-07,2,Étoffe de Kurookin,ressource
2022-03-08,7,Patte de Wabbit,ressource
2022-03-09,20,Houblon,ressource
2022-03-10,2,Lait de Dragodinde,ressource
2022-03-11,2,Dent de Bourbassingue,ressource
2022-03-12,20,Poisson Pané,ressource
2022-03-13,2,Bâton Kouyu,arme
2022-03-14,15,Trèfle à 5 feuilles,ressource
2022-03-15,2,Groin de Sanglier des Plaines,ressource
2022-03-16,2,Jouet de Gamine Zoth,ressource
2022-03-17,1,Pierre d'Émeraude,ressource
2022-03-18,1,Marteau Pickeur,arme
2022-03-19,15,Manganèse,ressource
2022-03-20,2,Pierre du Courtilieur,ressource
2022-03-21,6,Bave de Bouftou,ressource
2022-03-22,3,Fragment de Pierre Pointue,ressource
2022-03-23,20,Bois de Châtaignier,ressource
2022-03-24,20,Orge,ressource
2022-03-25,2,Laine de Maho Givrefoux,ressource
2022-03-26,2,Oreille d'Apériglours,ressource
2022-03-27,4,Viande Ladre,ressource
2022-03-28,2,Corne de Boufmouth de guerre,ressource
2022-03-29,2,Étoffe de Vigie Pirate,ressource
2022-03-30,5,Poing rocheux d'Ishigro Pake,ressource
2022-03-31,2,Dent de Larve Émeraude,ressource
2022-04-01,2,Fluide Glacial,ressource
2022-04-02,16,Crabe Sourimi,ressource
2022-04-03,2,Kaokurimono,ressource
2022-04-04,2,Bouclier du Bouftou,equipement
2022-04-05,1,Dent en Or du Craqueleur,ressource
2022-04-06,7,Poils de Mulounoké,ressource
2022-04-07,20,Orge,ressource
2022-04-08,2,Carapace Verte,ressource
2022-04-09,2,Carapace de Scaratos,ressource
2022-04-10,1,Mangeoire en Frêne,consommable
2022-04-11,9,Bout de Blop Coco,ressource
2022-04-12,2,Plastron de Tambouraï,ressource
2022-04-13,8,Bois de Kaliptus,ressource
2022-04-14,2,Calumet Zoth,ressource
2022-04-15,1,Baffeur en Frêne,consommable
2022-04-16,2,Kralamoure Grillé,consommable
2022-04-17,4,Œuf de Dragoeuf Calcaire,ressource
2022-04-18,2,Queue de Meliglours,ressource
2022-04-19,10,Or,ressource
2022-04-20,3,Poils de Boumbardier,ressource
2022-04-21,2,Poil de Gamino,ressource
2022-04-22,10,Carpe d'Iem,ressource
2022-04-23,2,Bave de Ouassingue,ressource
2022-04-24,2,Pierre du Craqueleur,ressource
2022-04-25,3,Viande Rassie,ressource
2022-04-26,2,Bourse Suspecte,ressource
2022-04-27,3,Oreille de Foufayteur,ressource
2022-04-28,1,Cristal,ressource
2022-04-29,4,Plume de Piou Rouge,ressource
2022-04-30,20,Sauge,ressource
2022-05-01,2,Capsule Explosive,ressource
2022-05-02,1,Langue du Champodonte,ressource
2022-05-03,2,Souche de l'Abrakleur clair,ressource
2022-05-04,1,Sang d'Oni,ressource
2022-05-05,2,Moustache du Mufafah,ressource
2022-05-06,15,Bois d'Erable,ressource
2022-05-07,5,Boulette de Viande,consommable
2022-05-08,10,Pomme de Terre,ressource
2022-05-09,2,Pierre Médicinale,ressource
2022-05-10,3,Pelle de Boisaille,arme
2022-05-11,1,Carapace de Scarafeuille Vert,ressource
2022-05-12,20,Malt,ressource
2022-05-13,1,Dédicace de Skeunk pour Émeraude,ressource
2022-05-14,2,Dagues de Fouraille,arme
2022-05-15,11,Laine de Bouftou,ressource
2022-05-16,40,Ortie,ressource
2022-05-17,2,Étoffe du Roissingue,ressource
2022-05-18,3,Pistil de Floristile,ressource
2022-05-19,12,Etain,ressource
2022-05-20,2,Papier Charbon,ressource
2022-05-21,1,Capouze des Champs,equipement
2022-05-22,2,Laine de Yokaï Givrefoux,ressource
2022-05-23,12,Perche,ressource
2022-05-24,3,Graine de Tournesol,ressource
2022-05-25,2,Bave du Kaskargo,ressource
2022-05-26,1,Sac du Petit Récolteur,equipement
2022-05-27,10,Pain Consistant,consommable
2022-05-28,2,Viande Sanguinolente,ressource
2022-05-29,2,Poils de Koalak Forestier,ressource
2022-05-30,7,Coquille de Dragoeuf Argile,ressource
2022-05-31,2,Lamelle de Dramanite,ressource
2022-06-01,5,Pince du Crabe,ressource
2022-06-02,15,Sardine Brillante,ressource
2022-06-03,2,Graine de la Discorde,ressource
2022-06-04,2,Sceau Royal Contrefait,ressource
2022-06-05,10,Or,ressource
2022-06-06,1,Cawotte,ressource
2022-06-07,2,Incisive de Kami Givrefoux,ressource
2022-06-08,2,Tige de Bambouto,ressource
2022-06-09,10,Orchidée Freyesque,ressource
2022-06-10,5,Pic de Dragodinde,ressource
2022-06-11,2,Kokopaille,ressource
2022-06-12,2,Baguette de Glace,arme
2022-06-13,1,Bave de Champ à Gnons,ressource
2022-06-14,1,Clef des Champs,ressource
2022-06-15,12,Bois de Merisier,ressource
2022-06-16,7,Coquille de Dragoeuf Ardoise,ressource
2022-06-17,2,Épine de Bulbuisson,ressource
2022-06-18,2,Peau de Draguaindrop,ressource
2022-06-19,5,Peau de Crachefoux,ressource
2022-06-20,40,Blé,ressource
2022-06-21,2,Conque Marine,ressource
2022-06-22,2,Pince de Crustorail,ressource
2022-06-23,2,Bave du Kaskargo,ressource
2022-06-24,4,Langue d'Épouvanteur,ressource
2022-06-25,40,Fer,ressource
2022-06-26,1,Dagob mineure,ressource
2022-06-27,2,Vieille Ventouse de Kralamoure,ressource
2022-06-28,7,Racine d'Abraknyde,ressource
2022-06-29,4,Viande Frelatée,ressource
2022-06-30,3,Peau de Mandrine,ressource
2022-07-01,4,Écaille de Chef Crocodaille,ressource
2022-07-02,6,Défense du Sanglier,ressource
2022-07-03,7,Potion de Mini Soin,consommable
2022-07-04,2,Michette,consommable
2022-07-05,1,Poils magiques de Tanuki,ressource
2022-07-06,40,Poisson-Chaton,ressource
2022-07-07,2,Résidu de Solfataré,ressource
2022-07-08,8,Laine du Boufcoul,ressource
2022-07-09,20,Bois de Frêne,ressource
2022-07-10,1,Arc Ecologique,arme
2022-07-11,10,Bauxite,ressource
2022-07-12,2,Laine de Boufmouth,ressource
2022-07-13,2,Pierre d'Atomystique,ressource
2022-07-14,2,Chaînes Brisées,ressource
2022-07-15,3,Viande Persillée,ressource
2022-07-16,2,Boue Vénérable,ressource
2022-07-17,4,Fleur de Pissenlit Diabolique,ressource
2022-07-18,5,Substrat de Buisson,ressource
2022-07-19,2,Coccyx du Corailleur,ressource
2022-07-20,1,Huile de Tournesol Sauvage,ressource
2022-07-21,2,Pierre Précieuse Zoth,ressource
2022-07-22,2,Plume de Gélikan,ressource
2022-07-23,40,Greuvette,ressource
2022-07-24,1,Bois d'Orme,ressource
2022-07-25,1,Peau de Don Duss Ang,ressource
2022-07-26,2,Queue d'Écumouth,ressource
2022-07-27,8,Beignet Astrubien,consommable
2022-07-28,2,Péroné du Marôdeur,ressource
2022-07-29,5,Masque de Shinibaru,ressource
2022-07-30,4,Sang du Vampire,ressource
2022-07-31,2,Poudre Novice,ressource
2022-08-01,10,Edelweiss,ressource
2022-08-02,5,Œuf de Tofu,ressource
2022-08-03,3,Potion de cité : Bonta,consommable
2022-08-04,2,Cendres Matures,ressource
2022-08-05,3,Poisskaille,ressource
2022-08-06,2,Crème à bronzer,ressource
2022-08-07,2,Racine de Tronkoblop,ressource
2022-08-08,4,Bottes du Chat Buté,equipement
2022-08-09,40,Blé,ressource
2022-08-10,2,Pic de Dragodinde Dorée,ressource
2022-08-11,2,Kapokaza,ressource
2022-08-12,2,Boules de Kanniboul,ressource
2022-08-13,2,Flaque Juvénile,ressource
2022-08-14,15,Menthe Sauvage,ressource
2022-08-15,2,Paupière d'Étoile,ressource
2022-08-16,2,Baguette de Tétonuki,ressource
2022-08-17,20,Bronze,ressource
2022-08-18,2,Corne de Gamino,ressource
2022-08-19,20,Houblon,ressource
2022-08-20,3,Cuir du Cochon de Lait,ressource
2022-08-21,2,Fumée Juvénile,ressource
2022-08-22,4,Viande Minérale,ressource
2022-08-23,2,Poils de Boulglours,ressource
2022-08-24,2,Furoncle de la Mama Bwork,ressource
2022-08-25,3,Dent de Tofu Mutant,ressource
2022-08-26,2,Peau de Dragueuse,ressource
2022-08-27,2,Écaille de Harpirate,ressource
2022-08-28,20,Bois de Noyer,ressource
2022-08-29,2,Fleur de Blopignon,ressource
2022-08-30,1,Peau de Don Dorgan,ressource
2022-08-31,3,Michette,consommable
2022-09-01,2,Os de Pékeualak,ressource
2022-09-02,4,Potion de Vieillesse,ressource
2022-09-03,40,Ortie,ressource
2022-09-04,2,Griffe de Blérauve,ressource
2022-09-05,4,Sarbacane en Bambou,ressource
2022-09-06,1,Poil de Renarbo,ressource
2022-09-07,2,Pierre de Mofette,ressource
2022-09-08,15,Sardine Brillante,ressource
2022-09-09,2,Trident Cassé,ressource
2022-09-10,1,Aile de Dragodinde,ressource
2022-09-11,2,Peau de Dragnarok,ressource
2022-09-12,2,Flamme Spectrale,ressource
2022-09-13,20,Lin,ressource
2022-09-14,2,Écorce d'Abrazif,ressource
2022-09-15,3,Collier de l'Arc en Ciel,equipement
2022-09-16,2,Oreille de Bouftonmouth,ressource
2022-09-17,7,Épine du Champ Champ,ressource
2022-09-18,4,Os de Chafer,ressource
2022-09-19,20,Bois de Noyer,ressource
2022-09-20,3,Viande Fraîche,ressource
2022-09-21,2,Hache Vôr'Om,arme
2022-09-22,3,Poils de Pétartifoux,ressource
2022-09-23,2,Duvet du Kilibriss,ressource
2022-09-24,4,Hachette de Bûcheron,arme
2022-09-25,4,Dent de Crocodaille,ressource
2022-09-26,21,Obsidienne,ressource
2022-09-27,4,Pelage aérodynamique,ressource
2022-09-28,3,Plume du Serpiplume,ressource
2022-09-29,2,Maillot de corps de Barbroussa,ressource
2022-09-30,2,Croupion du Bitouf aérien,ressource
2022-10-01,2,Os de Jiangshi-Nobi,ressource
2022-10-02,20,Bois de Chêne,ressource
2022-10-03,3,Arc de Boisaille,arme
2022-10-04,3,Pic du Prespic,ressource
2022-10-05,3,Bâton de Crabe,consommable
2022-10-06,2,Étamine de Floribonde,ressource
2022-10-07,1,Racine d'Abraknyde Sombre,ressource
2022-10-08,4,Viande Exsudative,ressource
2022-10-09,4,Peau de Rouquette,ressource
2022-10-10,3,Parmentier à l'Oignon,consommable
2022-10-11,2,Résidu de Solfataré,ressource
2022-10-12,3,Tige de Bambouto,ressource
2022-10-13,4,Eau de Kwapa,ressource
2022-10-14,7,Aile du Tofu Maléfique,ressource
2022-10-15,20,Sauge,ressource
2022-10-16,9,Corne du Boufcoul,ressource
2022-10-17,3,Viande Faisandée,ressource
2022-10-18,2,Enfumoir Zoth,ressource
2022-10-19,15,Brochet,ressource
2022-10-20,7,Coquille de Dragoeuf Charbon,ressource
2022-10-21,4,Poêlée Paysanne,consommable
2022-10-22,7,Plume de Tofu,ressource
2022-10-23,4,Plume de Crowneille,ressource
2022-10-24,40,Fer,ressource
2022-10-25,2,Poil de Smilomouth,ressource
2022-10-26,5,Dent de Wabbit,ressource
2022-10-27,3,Baguette de Boisaille,arme
2022-10-28,20,Chanvre,ressource
2022-10-29,2,Oreille de Soryo Givrefoux,ressource
2022-10-30,2,Peau d'Ouilleur,ressource
2022-10-31,4,Poils de Barbe du Bwork Mage,ressource
2022-11-01,2,Slip de Bwork Archer,ressource
2022-11-02,9,Moustache de Kolérat,ressource
2022-11-03,1,Cape Sombre,equipement
2022-11-04,2,Sceau Royal Contrefait,ressource
2022-11-05,2,Poil de Chachachovage,ressource
2022-11-06,20,Bois de Châtaignier,ressource
2022-11-07,2,Calice de Fécorce,ressource
2022-11-08,2,Queue de Prespic,ressource
2022-11-09,2,Coquille de Fantimonier,ressource
2022-11-10,28,Goujon,ressource
2022-11-11,4,Écaille de Crocodaille,ressource
2022-11-12,18,Raie Bleue,ressource
2022-11-13,2,Pustule de Rat Sio,ressource
2022-11-14,1,Aile de Dragodinde Rousse Sauvage,ressource
2022-11-15,2,Leurnettes,arme
2022-11-16,2,Peau de Ramane d'Égoutant,ressource
2022-11-17,1,Viande Macérée,ressource
2022-11-18,2,Patte de la Gardienne des Égouts,ressource
2022-11-19,3,Substrat de Futaie,ressource
2022-11-20,5,Patte de Corbac,ressource
2022-11-21,2,Cloaque du Poolay,ressource
2022-11-22,7,Queue du Mulou,ressource
2022-11-23,2,Mâchoire du Chafer Draugr,ressource
2022-11-24,4,Viande Avariée,ressource
2022-11-25,2,Laine de Boufmouth légendaire,ressource
2022-11-26,2,Tatouage de Mauvais Garçon,ressource
2022-11-27,2,Rembourrage de Meupette,ressource
2022-11-28,2,Cœur de Crapeur,ressource
2022-11-29,20,Kobalte,ressource
2022-11-30,2,Oreille de Gobosteur,ressource
2022-12-01,2,Cuir de Bouftou Noir,ressource
2022-12-02,1,Clef du Château Ensablé,ressource
2022-12-03,2,Peau de Mansobèse,ressource
2022-12-04,20,Bois de Chêne,ressource
2022-12-05,4,Œuf de Dragoeuf Charbon,ressource
2022-12-06,1,Pelle de Rapage,arme
2022-12-07,2,Étoffe de Dok Alako,ressource
2022-12-08,2,Œil de Sapeur,ressource
2022-12-09,5,Perce-Neige,ressource
2022-12-10,3,Dent de Dragodinde,ressource
2022-12-11,1,Sandales Tofuesques,equipement
2022-12-12,3,Potion de cité : Brâkmar,consommable
2022-12-13,20,Cuivre,ressource
2022-12-14,8,Babines de Macien,ressource
2022-12-15,4,Cuir de Porkass,ressource
2022-12-16,2,Emballage de Nowel Écarlate,autre
2022-12-17,15,Kralamoure,ressource
2022-12-18,3,Epée de Boisaille,arme
2022-12-19,2,Flocon de Neige,ressource
2022-12-20,1,Aluminite,ressource
2022-12-21,3,Dent Pointue,ressource
2022-12-22,2,Nœud de Marin,ressource
2022-12-23,4,Viande Tendre,ressource
2022-12-24,1,Traîneau en Pain d'Épices,consommable
2022-12-25,4,Cadeau de Nowel,autre
2022-12-26,2,Poil de barbe du Shamansot,ressource
2022-12-27,1,Paquet Cadeau en Chocolat,consommable
2022-12-28,4,Cadeau de Nowel,autre
2022-12-29,20,Seigle,ressource
2022-12-30,2,Graine de l'Abrakleur sombre,ressource
2022-12-31,8,Papillote au Citron,consommable
2023-01-01,4,Œuf de Dragoeuf Argile,ressource
2023-01-02,20,Avoine,ressource
2023-01-03,2,Foulard du Sparo,ressource
2023-01-04,2,Queue de Wolvero,ressource
2023-01-05,12,Bois d'If,ressource
2023-01-06,2,Poils de Wo Wabbit,ressource
2023-01-07,7,Groin de Sanglier,ressource
2023-01-08,2,Serviette de Plage,ressource
2023-01-09,2,Epée Sacrée,arme
2023-01-10,2,Aile de Dragodinde Dorée,ressource
2023-01-11,2,Miroir de Dopeul,ressource
2023-01-12,12,Argent,ressource
